<?xml version="1.0" encoding="utf-8"?>
<Materials>
    <Intrinsic>
        <Material Id="concrete" YoungModulus="1.70e+09" ShearModulus="7.10e+08"/>
        <Material Id="human_clothes" YoungModulus="3.10e+06" ShearModulus="9.00e+05"/>
        <Material Id="human_naked" YoungModulus="4.00e+06" ShearModulus="1.38e+06"/>
    </Intrinsic>
    <Binary>
        <Contact Id1="concrete" Id2="concrete" GammaNormal="1.30e+03" GammaTangential="1.30e+03" KineticFriction="0.50"/>
        <Contact Id1="concrete" Id2="human_clothes" GammaNormal="1.30e+03" GammaTangential="1.30e+03" KineticFriction="0.50"/>
        <Contact Id1="concrete" Id2="human_naked" GammaNormal="1.30e+03" GammaTangential="1.30e+03" KineticFriction="0.50"/>
        <Contact Id1="human_clothes" Id2="human_clothes" GammaNormal="1.30e+03" GammaTangential="1.30e+03" KineticFriction="0.50"/>
        <Contact Id1="human_clothes" Id2="human_naked" GammaNormal="1.30e+03" GammaTangential="1.30e+03" KineticFriction="0.50"/>
        <Contact Id1="human_naked" Id2="human_naked" GammaNormal="1.30e+03" GammaTangential="1.30e+03" KineticFriction="0.50"/>
    </Binary>
</Materials>
