<?xml version="1.0" encoding="utf-8"?>
<Materials>
    <Intrinsic>
        <Material Id="concrete" YoungModulus="1.70e+10" ShearModulus="7.10e+09"/>
        <Material Id="human_clothes" YoungModulus="3.05e+06" ShearModulus="1.02e+06"/>
        <Material Id="human_naked" YoungModulus="2.60e+06" ShearModulus="7.50e+05"/>
    </Intrinsic>
    <Binary>
        <Contact Id1="concrete" Id2="concrete" GammaNormal="1.30e+04" GammaTangential="1.30e+04" KineticFriction="0.50"/>
        <Contact Id1="concrete" Id2="human_clothes" GammaNormal="1.30e+04" GammaTangential="1.30e+04" KineticFriction="0.50"/>
        <Contact Id1="concrete" Id2="human_naked" GammaNormal="1.30e+04" GammaTangential="1.30e+04" KineticFriction="0.50"/>
        <Contact Id1="human_clothes" Id2="human_clothes" GammaNormal="1.30e+04" GammaTangential="1.30e+04" KineticFriction="0.50"/>
        <Contact Id1="human_clothes" Id2="human_naked" GammaNormal="1.30e+04" GammaTangential="1.30e+04" KineticFriction="0.50"/>
        <Contact Id1="human_naked" Id2="human_naked" GammaNormal="1.30e+04" GammaTangential="1.30e+04" KineticFriction="0.50"/>
    </Binary>
</Materials>
